{"cameraMode":{"drawMode":0,"name":"Shaded","section":"Shading Mode"},"sceneLighting":false,"audioPlay":false,"sceneViewState":{"showFog":true,"showMaterialUpdate":false,"showSkybox":true,"showFlares":true,"showImageEffects":true,"showParticleSystems":true},"in2DMode":false,"pivot":{"x":-42.72246170043945,"y":-1.3056261539459229,"z":18.561399459838868},"rotation":{"x":0.01739867590367794,"y":-0.9792270064353943,"z":0.09577838331460953,"w":0.17787997424602509},"size":8.415714263916016,"orthographic":false}