{"cameraMode":{"drawMode":0,"name":"Shaded","section":"Shading Mode"},"sceneLighting":false,"audioPlay":false,"sceneViewState":{"showFog":true,"showMaterialUpdate":false,"showSkybox":true,"showFlares":true,"showImageEffects":true,"showParticleSystems":true},"in2DMode":false,"pivot":{"x":-90.17124938964844,"y":-17.879541397094728,"z":23.871612548828126},"rotation":{"x":0.2281036227941513,"y":-0.7494268417358398,"z":0.32127973437309267,"w":0.5320850610733032},"size":20.869590759277345,"orthographic":false}