{"cameraMode":{"drawMode":0,"name":"Shaded","section":"Shading Mode"},"sceneLighting":false,"audioPlay":false,"sceneViewState":{"showFog":true,"showMaterialUpdate":false,"showSkybox":true,"showFlares":true,"showImageEffects":true,"showParticleSystems":true},"in2DMode":false,"pivot":{"x":-40.508995056152347,"y":-16.23891258239746,"z":1.0088577270507813},"rotation":{"x":-0.010336150415241719,"y":0.9704232215881348,"z":-0.2374788373708725,"w":-0.04224037379026413},"size":54.09469985961914,"orthographic":false}