{"cameraMode":{"drawMode":0,"name":"Shaded","section":"Shading Mode"},"sceneLighting":false,"audioPlay":false,"sceneViewState":{"showFog":true,"showMaterialUpdate":false,"showSkybox":true,"showFlares":true,"showImageEffects":true,"showParticleSystems":true},"in2DMode":false,"pivot":{"x":-62.349266052246097,"y":6.390441417694092,"z":75.55377197265625},"rotation":{"x":0.22222565114498139,"y":-0.23422496020793916,"z":0.05509009584784508,"w":0.9448434710502625},"size":3.036844253540039,"orthographic":false}